Position,Name + ID,Name,ID,Roster Position,Salary,Game Info,TeamAbbrev,AvgPointsPerGame
RB,Christian McCaffrey (15517335),Christian McCaffrey,15517335,RB/FLEX,8800,ARI@CAR 10/04/2020 01:00PM ET,CAR,26.65
WR,DeAndre Hopkins (15517639),DeAndre Hopkins,15517639,WR/FLEX,8500,ARI@CAR 10/04/2020 01:00PM ET,ARI,26.53
QB,Lamar Jackson (15517250),Lamar Jackson,15517250,QB,8100,BAL@WAS 10/04/2020 01:00PM ET,BAL,20.08
RB,Alvin Kamara (15517337),Alvin Kamara,15517337,RB/FLEX,8000,NO@DET 10/04/2020 01:00PM ET,NO,36.6
WR,Davante Adams (15517641),Davante Adams,15517641,WR/FLEX,7900,ATL@GB 10/05/2020 08:15PM ET,GB,25.6
QB,Russell Wilson (15517251),Russell Wilson,15517251,QB,7800,SEA@MIA 10/04/2020 01:00PM ET,SEA,36.33
RB,Ezekiel Elliott (15517339),Ezekiel Elliott,15517339,RB/FLEX,7800,CLE@DAL 10/04/2020 01:00PM ET,DAL,22.9
WR,Michael Thomas (15517643),Michael Thomas,15517643,WR/FLEX,7600,NO@DET 10/04/2020 01:00PM ET,NO,4.7
RB,Dalvin Cook (15517341),Dalvin Cook,15517341,RB/FLEX,7600,MIN@HOU 10/04/2020 01:00PM ET,MIN,22.93
RB,Aaron Jones (15517343),Aaron Jones,15517343,RB/FLEX,7500,ATL@GB 10/05/2020 08:15PM ET,GB,27.6
WR,Calvin Ridley (15517645),Calvin Ridley,15517645,WR/FLEX,7500,ATL@GB 10/05/2020 08:15PM ET,ATL,29.83
RB,Derrick Henry (15517345),Derrick Henry,15517345,RB/FLEX,7400,Postponed,TEN,19.17
QB,Patrick Mahomes (15517252),Patrick Mahomes,15517252,QB,7400,NE@KC 10/04/2020 04:25PM ET,KC,31.31
QB,Josh Allen (15517253),Josh Allen,15517253,QB,7300,BUF@LV 10/04/2020 04:25PM ET,BUF,35.64
QB,Dak Prescott (15517254),Dak Prescott,15517254,QB,7200,CLE@DAL 10/04/2020 01:00PM ET,DAL,31.64
QB,Aaron Rodgers (15517255),Aaron Rodgers,15517255,QB,7100,ATL@GB 10/05/2020 08:15PM ET,GB,25.83
WR,Julio Jones (15517647),Julio Jones,15517647,WR/FLEX,7100,ATL@GB 10/05/2020 08:15PM ET,ATL,16.05
RB,Austin Ekeler (15517347),Austin Ekeler,15517347,RB/FLEX,7100,LAC@TB 10/04/2020 01:00PM ET,LAC,19.93
QB,Kyler Murray (15517256),Kyler Murray,15517256,QB,7000,ARI@CAR 10/04/2020 01:00PM ET,ARI,28.38
WR,Tyler Lockett (15517649),Tyler Lockett,15517649,WR/FLEX,7000,SEA@MIA 10/04/2020 01:00PM ET,SEA,25.63
RB,Nick Chubb (15517349),Nick Chubb,15517349,RB/FLEX,7000,CLE@DAL 10/04/2020 01:00PM ET,CLE,20.97
RB,Melvin Gordon III (15517353),Melvin Gordon III,15517353,RB/FLEX,6900,DEN@NYJ 10/01/2020 08:20PM ET,DEN,13.6
RB,James Conner (15517351),James Conner,15517351,RB/FLEX,6900,Postponed,PIT,18.23
WR,Tyreek Hill (15517651),Tyreek Hill,15517651,WR/FLEX,6900,NE@KC 10/04/2020 04:25PM ET,KC,19.53
WR,DK Metcalf (15517655),DK Metcalf,15517655,WR/FLEX,6800,SEA@MIA 10/04/2020 01:00PM ET,SEA,20.57
RB,Josh Jacobs (15517355),Josh Jacobs,15517355,RB/FLEX,6800,BUF@LV 10/04/2020 04:25PM ET,LV,19.9
WR,Stefon Diggs (15517653),Stefon Diggs,15517653,WR/FLEX,6800,BUF@LV 10/04/2020 04:25PM ET,BUF,21.27
TE,Travis Kelce (15518085),Travis Kelce,15518085,TE/FLEX,6800,NE@KC 10/04/2020 04:25PM ET,KC,18.57
WR,Allen Robinson II (15517661),Allen Robinson II,15517661,WR/FLEX,6700,IND@CHI 10/04/2020 01:00PM ET,CHI,16.63
WR,Amari Cooper (15517659),Amari Cooper,15517659,WR/FLEX,6700,CLE@DAL 10/04/2020 01:00PM ET,DAL,18.23
QB,Jared Goff (15517257),Jared Goff,15517257,QB,6700,NYG@LAR 10/04/2020 04:05PM ET,LAR,22.24
WR,Cooper Kupp (15517657),Cooper Kupp,15517657,WR/FLEX,6700,NYG@LAR 10/04/2020 04:05PM ET,LAR,16.9
RB,Miles Sanders (15517357),Miles Sanders,15517357,RB/FLEX,6700,PHI@SF 10/04/2020 08:20PM ET,PHI,17.9
RB,Jonathan Taylor (15517359),Jonathan Taylor,15517359,RB/FLEX,6600,IND@CHI 10/04/2020 01:00PM ET,IND,16.7
WR,JuJu Smith-Schuster (15517665),JuJu Smith-Schuster,15517665,WR/FLEX,6600,Postponed,PIT,17.67
QB,Deshaun Watson (15517258),Deshaun Watson,15517258,QB,6600,MIN@HOU 10/04/2020 01:00PM ET,HOU,18.53
WR,Adam Thielen (15517663),Adam Thielen,15517663,WR/FLEX,6600,MIN@HOU 10/04/2020 01:00PM ET,MIN,17.47
QB,Ben Roethlisberger (15517259),Ben Roethlisberger,15517259,QB,6500,Postponed,PIT,21.16
WR,Chris Godwin (15517667),Chris Godwin,15517667,WR/FLEX,6500,LAC@TB 10/04/2020 01:00PM ET,TB,15.65
WR,Keenan Allen (15517669),Keenan Allen,15517669,WR/FLEX,6500,LAC@TB 10/04/2020 01:00PM ET,LAC,19.5
RB,James Robinson (15517361),James Robinson,15517361,RB/FLEX,6500,JAX@CIN 10/04/2020 01:00PM ET,JAX,21.63
WR,Mike Evans (15517671),Mike Evans,15517671,WR/FLEX,6400,LAC@TB 10/04/2020 01:00PM ET,TB,15.93
QB,Cam Newton (15517260),Cam Newton,15517260,QB,6400,NE@KC 10/04/2020 04:25PM ET,NE,25.49
RB,Clyde Edwards-Helaire (15517363),Clyde Edwards-Helaire,15517363,RB/FLEX,6400,NE@KC 10/04/2020 04:25PM ET,KC,18.07
WR,Marquise Brown (15517675),Marquise Brown,15517675,WR/FLEX,6300,BAL@WAS 10/04/2020 01:00PM ET,BAL,10.2
RB,Chris Carson (15517365),Chris Carson,15517365,RB/FLEX,6300,SEA@MIA 10/04/2020 01:00PM ET,SEA,18.33
QB,Joe Burrow (15517261),Joe Burrow,15517261,QB,6300,JAX@CIN 10/04/2020 01:00PM ET,CIN,23.08
WR,Robert Woods (15517673),Robert Woods,15517673,WR/FLEX,6300,NYG@LAR 10/04/2020 04:05PM ET,LAR,17.87
TE,George Kittle (15518087),George Kittle,15518087,TE/FLEX,6300,PHI@SF 10/04/2020 08:20PM ET,SF,9.3
RB,Kareem Hunt (15517369),Kareem Hunt,15517369,RB/FLEX,6200,CLE@DAL 10/04/2020 01:00PM ET,CLE,16.87
WR,Michael Gallup (15517677),Michael Gallup,15517677,WR/FLEX,6200,CLE@DAL 10/04/2020 01:00PM ET,DAL,14.87
RB,Raheem Mostert (15517367),Raheem Mostert,15517367,RB/FLEX,6200,PHI@SF 10/04/2020 08:20PM ET,SF,21.9
QB,Tom Brady (15517262),Tom Brady,15517262,QB,6100,LAC@TB 10/04/2020 01:00PM ET,TB,19.01
WR,Tyler Boyd (15517679),Tyler Boyd,15517679,WR/FLEX,6100,JAX@CIN 10/04/2020 01:00PM ET,CIN,17.67
WR,Kenny Golladay (15517683),Kenny Golladay,15517683,WR/FLEX,6000,NO@DET 10/04/2020 01:00PM ET,DET,17.7
QB,Matt Ryan (15517263),Matt Ryan,15517263,QB,6000,ATL@GB 10/05/2020 08:15PM ET,ATL,22.95
RB,Kenyan Drake (15517371),Kenyan Drake,15517371,RB/FLEX,6000,ARI@CAR 10/04/2020 01:00PM ET,ARI,11.63
TE,Mark Andrews (15518089),Mark Andrews,15518089,TE/FLEX,6000,BAL@WAS 10/04/2020 01:00PM ET,BAL,10.63
QB,Ryan Tannehill (15517264),Ryan Tannehill,15517264,QB,6000,Postponed,TEN,20.95
WR,DJ Chark Jr. (15517681),DJ Chark Jr.,15517681,WR/FLEX,6000,JAX@CIN 10/04/2020 01:00PM ET,JAX,11.95
QB,Matthew Stafford (15517266),Matthew Stafford,15517266,QB,5900,NO@DET 10/04/2020 01:00PM ET,DET,17.61
QB,Gardner Minshew II (15517265),Gardner Minshew II,15517265,QB,5900,JAX@CIN 10/04/2020 01:00PM ET,JAX,20.16
WR,Will Fuller V (15517685),Will Fuller V,15517685,WR/FLEX,5900,MIN@HOU 10/04/2020 01:00PM ET,HOU,12.53
RB,Devin Singletary (15517373),Devin Singletary,15517373,RB/FLEX,5900,BUF@LV 10/04/2020 04:25PM ET,BUF,12
QB,Drew Brees (15517269),Drew Brees,15517269,QB,5800,NO@DET 10/04/2020 01:00PM ET,NO,18.8
TE,Noah Fant (15518091),Noah Fant,15518091,TE/FLEX,5800,DEN@NYJ 10/01/2020 08:20PM ET,DEN,15.47
WR,Terry McLaurin (15517689),Terry McLaurin,15517689,WR/FLEX,5800,BAL@WAS 10/04/2020 01:00PM ET,WAS,17.4
QB,Justin Herbert (15517268),Justin Herbert,15517268,QB,5800,LAC@TB 10/04/2020 01:00PM ET,LAC,22.97
RB,Joe Mixon (15517377),Joe Mixon,15517377,RB/FLEX,5800,JAX@CIN 10/04/2020 01:00PM ET,CIN,9.4
QB,Baker Mayfield (15517267),Baker Mayfield,15517267,QB,5800,CLE@DAL 10/04/2020 01:00PM ET,CLE,13.82
WR,Odell Beckham Jr. (15517687),Odell Beckham Jr.,15517687,WR/FLEX,5800,CLE@DAL 10/04/2020 01:00PM ET,CLE,10.83
RB,Darrell Henderson Jr. (15517375),Darrell Henderson Jr.,15517375,RB/FLEX,5800,NYG@LAR 10/04/2020 04:05PM ET,LAR,14.23
QB,Drew Lock (15517272),Drew Lock,15517272,QB,5700,DEN@NYJ 10/01/2020 08:20PM ET,DEN,6.47
QB,Nick Foles (15517271),Nick Foles,15517271,QB,5700,IND@CHI 10/04/2020 01:00PM ET,CHI,18.22
RB,Mike Davis (15517381),Mike Davis,15517381,RB/FLEX,5700,ARI@CAR 10/04/2020 01:00PM ET,CAR,12.87
RB,Mark Ingram II (15517379),Mark Ingram II,15517379,RB/FLEX,5700,BAL@WAS 10/04/2020 01:00PM ET,BAL,7.2
QB,Tyrod Taylor (15517270),Tyrod Taylor,15517270,QB,5700,LAC@TB 10/04/2020 01:00PM ET,LAC,9.02
WR,DeVante Parker (15517693),DeVante Parker,15517693,WR/FLEX,5700,SEA@MIA 10/04/2020 01:00PM ET,MIA,12.3
TE,Tyler Higbee (15518093),Tyler Higbee,15518093,TE/FLEX,5700,NYG@LAR 10/04/2020 04:05PM ET,LAR,14.47
WR,Julian Edelman (15517691),Julian Edelman,15517691,WR/FLEX,5700,NE@KC 10/04/2020 04:25PM ET,NE,15.37
RB,Jerick McKinnon (15517383),Jerick McKinnon,15517383,RB/FLEX,5700,PHI@SF 10/04/2020 08:20PM ET,SF,14.6
QB,Teddy Bridgewater (15517274),Teddy Bridgewater,15517274,QB,5600,ARI@CAR 10/04/2020 01:00PM ET,CAR,16.21
WR,DJ Moore (15517697),DJ Moore,15517697,WR/FLEX,5600,ARI@CAR 10/04/2020 01:00PM ET,CAR,13.63
WR,Diontae Johnson (15517695),Diontae Johnson,15517695,WR/FLEX,5600,Postponed,PIT,11.6
RB,Leonard Fournette (15517387),Leonard Fournette,15517387,RB/FLEX,5600,LAC@TB 10/04/2020 01:00PM ET,TB,12.57
QB,Kirk Cousins (15517273),Kirk Cousins,15517273,QB,5600,MIN@HOU 10/04/2020 01:00PM ET,MIN,15.24
RB,David Johnson (15517385),David Johnson,15517385,RB/FLEX,5600,MIN@HOU 10/04/2020 01:00PM ET,HOU,13.17
QB,Carson Wentz (15517275),Carson Wentz,15517275,QB,5600,PHI@SF 10/04/2020 08:20PM ET,PHI,17.96
RB,Todd Gurley II (15517389),Todd Gurley II,15517389,RB/FLEX,5500,ATL@GB 10/05/2020 08:15PM ET,ATL,11.67
WR,Allen Lazard (15517699),Allen Lazard,15517699,WR/FLEX,5500,ATL@GB 10/05/2020 08:15PM ET,GB,18.37
QB,Jeff Driskel (15517276),Jeff Driskel,15517276,QB,5500,DEN@NYJ 10/01/2020 08:20PM ET,DEN,15.59
QB,Brett Rypien (15517278),Brett Rypien,15517278,QB,5500,DEN@NYJ 10/01/2020 08:20PM ET,DEN,1.12
QB,Philip Rivers (15517277),Philip Rivers,15517277,QB,5500,IND@CHI 10/04/2020 01:00PM ET,IND,14.79
RB,David Montgomery (15517391),David Montgomery,15517391,RB/FLEX,5500,IND@CHI 10/04/2020 01:00PM ET,CHI,12.5
WR,A.J. Brown (15517705),A.J. Brown,15517705,WR/FLEX,5500,Postponed,TEN,8.9
WR,A.J. Green (15517703),A.J. Green,15517703,WR/FLEX,5500,JAX@CIN 10/04/2020 01:00PM ET,CIN,8.2
WR,Alshon Jeffery (15517701),Alshon Jeffery,15517701,WR/FLEX,5500,PHI@SF 10/04/2020 08:20PM ET,PHI,0
TE,Jared Cook (15518095),Jared Cook,15518095,TE/FLEX,5400,NO@DET 10/04/2020 01:00PM ET,NO,8.8
QB,Blake Bortles (15517281),Blake Bortles,15517281,QB,5400,DEN@NYJ 10/01/2020 08:20PM ET,DEN,0
WR,Robby Anderson (15517709),Robby Anderson,15517709,WR/FLEX,5400,ARI@CAR 10/04/2020 01:00PM ET,CAR,20.27
QB,Ryan Fitzpatrick (15517279),Ryan Fitzpatrick,15517279,QB,5400,SEA@MIA 10/04/2020 01:00PM ET,MIA,20.32
QB,Tua Tagovailoa (15517280),Tua Tagovailoa,15517280,QB,5400,SEA@MIA 10/04/2020 01:00PM ET,MIA,0
WR,CeeDee Lamb (15517707),CeeDee Lamb,15517707,WR/FLEX,5400,CLE@DAL 10/04/2020 01:00PM ET,DAL,14.33
QB,Sam Darnold (15517285),Sam Darnold,15517285,QB,5300,DEN@NYJ 10/01/2020 08:20PM ET,NYJ,11.26
WR,Jerry Jeudy (15517713),Jerry Jeudy,15517713,WR/FLEX,5300,DEN@NYJ 10/01/2020 08:20PM ET,DEN,10.1
QB,Mitchell Trubisky (15517284),Mitchell Trubisky,15517284,QB,5300,IND@CHI 10/04/2020 01:00PM ET,CHI,17.37
WR,T.Y. Hilton (15517711),T.Y. Hilton,15517711,WR/FLEX,5300,IND@CHI 10/04/2020 01:00PM ET,IND,7.77
RB,Carlos Hyde (15517393),Carlos Hyde,15517393,RB/FLEX,5300,SEA@MIA 10/04/2020 01:00PM ET,SEA,5.77
QB,Derek Carr (15517283),Derek Carr,15517283,QB,5300,BUF@LV 10/04/2020 04:25PM ET,LV,17.89
QB,Jimmy Garoppolo (15517282),Jimmy Garoppolo,15517282,QB,5300,PHI@SF 10/04/2020 08:20PM ET,SF,16.25
WR,Deebo Samuel (15517715),Deebo Samuel,15517715,WR/FLEX,5300,PHI@SF 10/04/2020 08:20PM ET,SF,0
TE,Zach Ertz (15518097),Zach Ertz,15518097,TE/FLEX,5300,PHI@SF 10/04/2020 08:20PM ET,PHI,11.33
WR,Jamison Crowder (15517719),Jamison Crowder,15517719,WR/FLEX,5200,DEN@NYJ 10/01/2020 08:20PM ET,NYJ,27.5
WR,Justin Jefferson (15517717),Justin Jefferson,15517717,WR/FLEX,5200,MIN@HOU 10/04/2020 01:00PM ET,MIN,15.17
TE,Darren Waller (15518099),Darren Waller,15518099,TE/FLEX,5200,BUF@LV 10/04/2020 04:25PM ET,LV,14.97
RB,James White (15517395),James White,15517395,RB/FLEX,5200,NE@KC 10/04/2020 04:25PM ET,NE,8.2
QB,Nick Mullens (15517286),Nick Mullens,15517286,QB,5200,PHI@SF 10/04/2020 08:20PM ET,SF,11.18
WR,Russell Gage (15517727),Russell Gage,15517727,WR/FLEX,5100,ATL@GB 10/05/2020 08:15PM ET,ATL,14.87
RB,Joshua Kelley (15517397),Joshua Kelley,15517397,RB/FLEX,5100,LAC@TB 10/04/2020 01:00PM ET,LAC,10.5
TE,Mike Gesicki (15518101),Mike Gesicki,15518101,TE/FLEX,5100,SEA@MIA 10/04/2020 01:00PM ET,MIA,14.83
WR,Jarvis Landry (15517725),Jarvis Landry,15517725,WR/FLEX,5100,CLE@DAL 10/04/2020 01:00PM ET,CLE,8.77
QB,Daniel Jones (15517287),Daniel Jones,15517287,QB,5100,NYG@LAR 10/04/2020 04:05PM ET,NYG,13.05
WR,Sterling Shepard (15517723),Sterling Shepard,15517723,WR/FLEX,5100,NYG@LAR 10/04/2020 04:05PM ET,NYG,8.1
WR,John Brown (15517721),John Brown,15517721,WR/FLEX,5100,BUF@LV 10/04/2020 04:25PM ET,BUF,12.4
WR,Tre'Quan Smith (15517733),Tre'Quan Smith,15517733,WR/FLEX,5000,NO@DET 10/04/2020 01:00PM ET,NO,7.73
RB,Le'Veon Bell (15517401),Le'Veon Bell,15517401,RB/FLEX,5000,DEN@NYJ 10/01/2020 08:20PM ET,NYJ,6.6
QB,Dwayne Haskins Jr. (15517288),Dwayne Haskins Jr.,15517288,QB,5000,BAL@WAS 10/04/2020 01:00PM ET,WAS,12.9
WR,Corey Davis (15517731),Corey Davis,15517731,WR/FLEX,5000,Postponed,TEN,14.87
RB,Myles Gaskin (15517399),Myles Gaskin,15517399,RB/FLEX,5000,SEA@MIA 10/04/2020 01:00PM ET,MIA,13.1
WR,Darius Slayton (15517729),Darius Slayton,15517729,WR/FLEX,5000,NYG@LAR 10/04/2020 04:05PM ET,NYG,14.93
WR,Brandon Aiyuk (15517735),Brandon Aiyuk,15517735,WR/FLEX,5000,PHI@SF 10/04/2020 08:20PM ET,SF,12.6
RB,Latavius Murray (15517403),Latavius Murray,15517403,RB/FLEX,4900,NO@DET 10/04/2020 01:00PM ET,NO,5.87
WR,Marvin Jones Jr. (15517739),Marvin Jones Jr.,15517739,WR/FLEX,4900,NO@DET 10/04/2020 01:00PM ET,DET,9.97
QB,Jacoby Brissett (15517290),Jacoby Brissett,15517290,QB,4900,IND@CHI 10/04/2020 01:00PM ET,IND,0.34
WR,Anthony Miller (15517737),Anthony Miller,15517737,WR/FLEX,4900,IND@CHI 10/04/2020 01:00PM ET,CHI,10.2
QB,Brett Hundley (15517289),Brett Hundley,15517289,QB,4900,ARI@CAR 10/04/2020 01:00PM ET,ARI,0
TE,Jonnu Smith (15518103),Jonnu Smith,15518103,TE/FLEX,4900,Postponed,TEN,16.37
RB,Jeff Wilson Jr. (15517405),Jeff Wilson Jr.,15517405,RB/FLEX,4900,PHI@SF 10/04/2020 08:20PM ET,SF,7.4
WR,Emmanuel Sanders (15517749),Emmanuel Sanders,15517749,WR/FLEX,4800,NO@DET 10/04/2020 01:00PM ET,NO,9.63
TE,T.J. Hockenson (15518105),T.J. Hockenson,15518105,TE/FLEX,4800,NO@DET 10/04/2020 01:00PM ET,DET,12.03
QB,Matt Schaub (15517295),Matt Schaub,15517295,QB,4800,ATL@GB 10/05/2020 08:15PM ET,ATL,0
QB,Will Grier (15517294),Will Grier,15517294,QB,4800,ARI@CAR 10/04/2020 01:00PM ET,CAR,0
WR,Curtis Samuel (15517747),Curtis Samuel,15517747,WR/FLEX,4800,ARI@CAR 10/04/2020 01:00PM ET,CAR,8.13
RB,J.K. Dobbins (15517411),J.K. Dobbins,15517411,RB/FLEX,4800,BAL@WAS 10/04/2020 01:00PM ET,BAL,9.9
QB,Mason Rudolph (15517293),Mason Rudolph,15517293,QB,4800,Postponed,PIT,0
WR,James Washington (15517745),James Washington,15517745,WR/FLEX,4800,Postponed,PIT,8.4
QB,AJ McCarron (15517292),AJ McCarron,15517292,QB,4800,MIN@HOU 10/04/2020 01:00PM ET,HOU,0
WR,Randall Cobb (15517743),Randall Cobb,15517743,WR/FLEX,4800,MIN@HOU 10/04/2020 01:00PM ET,HOU,11.57
RB,Devonta Freeman (15517409),Devonta Freeman,15517409,RB/FLEX,4800,NYG@LAR 10/04/2020 04:05PM ET,NYG,1
WR,Henry Ruggs III (15517741),Henry Ruggs III,15517741,WR/FLEX,4800,BUF@LV 10/04/2020 04:25PM ET,LV,5.5
QB,Jarrett Stidham (15517291),Jarrett Stidham,15517291,QB,4800,NE@KC 10/04/2020 04:25PM ET,NE,0
RB,Rex Burkhead (15517407),Rex Burkhead,15517407,RB/FLEX,4800,NE@KC 10/04/2020 04:25PM ET,NE,15.63
QB,Jameis Winston (15517299),Jameis Winston,15517299,QB,4700,NO@DET 10/04/2020 01:00PM ET,NO,0
QB,Chase Daniel (15517300),Chase Daniel,15517300,QB,4700,NO@DET 10/04/2020 01:00PM ET,DET,0
RB,Adrian Peterson (15517419),Adrian Peterson,15517419,RB/FLEX,4700,NO@DET 10/04/2020 01:00PM ET,DET,9.33
TE,Hayden Hurst (15518107),Hayden Hurst,15518107,TE/FLEX,4700,ATL@GB 10/05/2020 08:15PM ET,ATL,10.7
QB,Joe Flacco (15517298),Joe Flacco,15517298,QB,4700,DEN@NYJ 10/01/2020 08:20PM ET,NYJ,0
RB,Nyheim Hines (15517417),Nyheim Hines,15517417,RB/FLEX,4700,IND@CHI 10/04/2020 01:00PM ET,IND,12.93
RB,Ronald Jones II (15517415),Ronald Jones II,15517415,RB/FLEX,4700,LAC@TB 10/04/2020 01:00PM ET,TB,10.07
RB,Malcolm Brown (15517413),Malcolm Brown,15517413,RB/FLEX,4700,NYG@LAR 10/04/2020 04:05PM ET,LAR,10.87
QB,Marcus Mariota (15517297),Marcus Mariota,15517297,QB,4700,BUF@LV 10/04/2020 04:25PM ET,LV,0
WR,Cole Beasley (15517751),Cole Beasley,15517751,WR/FLEX,4700,BUF@LV 10/04/2020 04:25PM ET,BUF,13.6
QB,C.J. Beathard (15517296),C.J. Beathard,15517296,QB,4700,PHI@SF 10/04/2020 08:20PM ET,SF,0
WR,Braxton Berrios (15517761),Braxton Berrios,15517761,WR/FLEX,4600,DEN@NYJ 10/01/2020 08:20PM ET,NYJ,11.43
TE,Hunter Henry (15518109),Hunter Henry,15518109,TE/FLEX,4600,LAC@TB 10/04/2020 01:00PM ET,LAC,12.2
QB,Case Keenum (15517302),Case Keenum,15517302,QB,4600,CLE@DAL 10/04/2020 01:00PM ET,CLE,0
WR,Golden Tate (15517759),Golden Tate,15517759,WR/FLEX,4600,NYG@LAR 10/04/2020 04:05PM ET,NYG,9.15
QB,Matt Barkley (15517301),Matt Barkley,15517301,QB,4600,BUF@LV 10/04/2020 04:25PM ET,BUF,0
WR,Hunter Renfrow (15517757),Hunter Renfrow,15517757,WR/FLEX,4600,BUF@LV 10/04/2020 04:25PM ET,LV,10.4
RB,Sony Michel (15517421),Sony Michel,15517421,RB/FLEX,4600,NE@KC 10/04/2020 04:25PM ET,NE,10.2
WR,Kendrick Bourne (15517753),Kendrick Bourne,15517753,WR/FLEX,4600,PHI@SF 10/04/2020 08:20PM ET,SF,8.8
WR,DeSean Jackson (15517755),DeSean Jackson,15517755,WR/FLEX,4600,PHI@SF 10/04/2020 08:20PM ET,PHI,7.37
QB,Jordan Love (15517305),Jordan Love,15517305,QB,4500,ATL@GB 10/05/2020 08:15PM ET,GB,0
QB,P.J. Walker (15517304),P.J. Walker,15517304,QB,4500,ARI@CAR 10/04/2020 01:00PM ET,CAR,0
WR,Andy Isabella (15517771),Andy Isabella,15517771,WR/FLEX,4500,ARI@CAR 10/04/2020 01:00PM ET,ARI,9.6
RB,Antonio Gibson (15517425),Antonio Gibson,15517425,RB/FLEX,4500,BAL@WAS 10/04/2020 01:00PM ET,WAS,10.87
QB,Blaine Gabbert (15517303),Blaine Gabbert,15517303,QB,4500,LAC@TB 10/04/2020 01:00PM ET,TB,0
WR,Preston Williams (15517769),Preston Williams,15517769,WR/FLEX,4500,SEA@MIA 10/04/2020 01:00PM ET,MIA,6.8
WR,Keelan Cole (15517765),Keelan Cole,15517765,WR/FLEX,4500,JAX@CIN 10/04/2020 01:00PM ET,JAX,13.93
WR,Tee Higgins (15517767),Tee Higgins,15517767,WR/FLEX,4500,JAX@CIN 10/04/2020 01:00PM ET,CIN,9.17
WR,Brandin Cooks (15517763),Brandin Cooks,15517763,WR/FLEX,4500,MIN@HOU 10/04/2020 01:00PM ET,HOU,7.93
RB,Wayne Gallman Jr. (15517423),Wayne Gallman Jr.,15517423,RB/FLEX,4500,NYG@LAR 10/04/2020 04:05PM ET,NYG,2.9
TE,Dallas Goedert (15518111),Dallas Goedert,15518111,TE/FLEX,4500,PHI@SF 10/04/2020 08:20PM ET,PHI,11.93
WR,Marquez Valdes-Scantling (15517783),Marquez Valdes-Scantling,15517783,WR/FLEX,4400,ATL@GB 10/05/2020 08:15PM ET,GB,10.17
RB,Frank Gore (15517431),Frank Gore,15517431,RB/FLEX,4400,DEN@NYJ 10/01/2020 08:20PM ET,NYJ,5.3
WR,Zach Pascal (15517781),Zach Pascal,15517781,WR/FLEX,4400,IND@CHI 10/04/2020 01:00PM ET,IND,6.7
WR,Christian Kirk (15517777),Christian Kirk,15517777,WR/FLEX,4400,ARI@CAR 10/04/2020 01:00PM ET,ARI,4.5
WR,Larry Fitzgerald (15517779),Larry Fitzgerald,15517779,WR/FLEX,4400,ARI@CAR 10/04/2020 01:00PM ET,ARI,6.8
QB,Alex Smith (15517310),Alex Smith,15517310,QB,4400,BAL@WAS 10/04/2020 01:00PM ET,WAS,0
QB,Geno Smith (15517309),Geno Smith,15517309,QB,4400,SEA@MIA 10/04/2020 01:00PM ET,SEA,0
QB,Ryan Finley (15517308),Ryan Finley,15517308,QB,4400,JAX@CIN 10/04/2020 01:00PM ET,CIN,0
RB,Giovani Bernard (15517429),Giovani Bernard,15517429,RB/FLEX,4400,JAX@CIN 10/04/2020 01:00PM ET,CIN,7.6
WR,Laviska Shenault Jr. (15517775),Laviska Shenault Jr.,15517775,WR/FLEX,4400,JAX@CIN 10/04/2020 01:00PM ET,JAX,10.77
QB,John Wolford (15517307),John Wolford,15517307,QB,4400,NYG@LAR 10/04/2020 04:05PM ET,LAR,0
RB,Dion Lewis (15517427),Dion Lewis,15517427,RB/FLEX,4400,NYG@LAR 10/04/2020 04:05PM ET,NYG,5.9
TE,Evan Engram (15518113),Evan Engram,15518113,TE/FLEX,4400,NYG@LAR 10/04/2020 04:05PM ET,NYG,6.87
QB,Jake Fromm (15517306),Jake Fromm,15517306,QB,4400,BUF@LV 10/04/2020 04:25PM ET,BUF,0
WR,Sammy Watkins (15517773),Sammy Watkins,15517773,WR/FLEX,4400,NE@KC 10/04/2020 04:25PM ET,KC,12.27
RB,D'Andre Swift (15517437),D'Andre Swift,15517437,RB/FLEX,4300,NO@DET 10/04/2020 01:00PM ET,DET,8.8
QB,Tim Boyle (15517314),Tim Boyle,15517314,QB,4300,ATL@GB 10/05/2020 08:15PM ET,GB,-0.15
RB,Kalen Ballage (15517439),Kalen Ballage,15517439,RB/FLEX,4300,DEN@NYJ 10/01/2020 08:20PM ET,NYJ,6.95
QB,Robert Griffin III (15517313),Robert Griffin III,15517313,QB,4300,BAL@WAS 10/04/2020 01:00PM ET,BAL,0.26
QB,Mike Glennon (15517312),Mike Glennon,15517312,QB,4300,JAX@CIN 10/04/2020 01:00PM ET,JAX,0
TE,Dalton Schultz (15518115),Dalton Schultz,15518115,TE/FLEX,4300,CLE@DAL 10/04/2020 01:00PM ET,DAL,11.23
QB,Sean Mannion (15517311),Sean Mannion,15517311,QB,4300,MIN@HOU 10/04/2020 01:00PM ET,MIN,0
RB,Jalen Richard (15517433),Jalen Richard,15517433,RB/FLEX,4300,BUF@LV 10/04/2020 04:25PM ET,LV,5.43
RB,Zack Moss (15517435),Zack Moss,15517435,RB/FLEX,4300,BUF@LV 10/04/2020 04:25PM ET,BUF,7.7
WR,Mecole Hardman (15517785),Mecole Hardman,15517785,WR/FLEX,4300,NE@KC 10/04/2020 04:25PM ET,KC,9
RB,Phillip Lindsay (15517447),Phillip Lindsay,15517447,RB/FLEX,4200,DEN@NYJ 10/01/2020 08:20PM ET,DEN,4.5
RB,Ryan Nall (15517445),Ryan Nall,15517445,RB/FLEX,4200,IND@CHI 10/04/2020 01:00PM ET,CHI,0.4
RB,Chase Edmonds (15517443),Chase Edmonds,15517443,RB/FLEX,4200,ARI@CAR 10/04/2020 01:00PM ET,ARI,7.73
RB,Benny Snell Jr. (15517441),Benny Snell Jr.,15517441,RB/FLEX,4200,Postponed,PIT,5.17
TE,Eric Ebron (15518117),Eric Ebron,15518117,TE/FLEX,4200,Postponed,PIT,8.77
WR,Mike Williams (15517787),Mike Williams,15517787,WR/FLEX,4200,LAC@TB 10/04/2020 01:00PM ET,LAC,5.67
QB,Andy Dalton (15517315),Andy Dalton,15517315,QB,4200,CLE@DAL 10/04/2020 01:00PM ET,DAL,0
QB,Taysom Hill (15517324),Taysom Hill,15517324,QB,4100,NO@DET 10/04/2020 01:00PM ET,NO,2.24
WR,Michael Pittman Jr. (15517795),Michael Pittman Jr.,15517795,WR/FLEX,4100,IND@CHI 10/04/2020 01:00PM ET,IND,5.43
QB,Chris Streveler (15517323),Chris Streveler,15517323,QB,4100,ARI@CAR 10/04/2020 01:00PM ET,ARI,0.1
QB,Kyle Allen (15517322),Kyle Allen,15517322,QB,4100,BAL@WAS 10/04/2020 01:00PM ET,WAS,0
QB,Logan Woodside (15517321),Logan Woodside,15517321,QB,4100,Postponed,TEN,0
WR,Scotty Miller (15517793),Scotty Miller,15517793,WR/FLEX,4100,LAC@TB 10/04/2020 01:00PM ET,TB,9.13
RB,Jordan Howard (15517455),Jordan Howard,15517455,RB/FLEX,4100,SEA@MIA 10/04/2020 01:00PM ET,MIA,6.4
TE,Greg Olsen (15518119),Greg Olsen,15518119,TE/FLEX,4100,SEA@MIA 10/04/2020 01:00PM ET,SEA,7.83
RB,Chris Thompson (15517453),Chris Thompson,15517453,RB/FLEX,4100,JAX@CIN 10/04/2020 01:00PM ET,JAX,7.7
RB,Tony Pollard (15517451),Tony Pollard,15517451,RB/FLEX,4100,CLE@DAL 10/04/2020 01:00PM ET,DAL,2.53
QB,Colt McCoy (15517320),Colt McCoy,15517320,QB,4100,NYG@LAR 10/04/2020 04:05PM ET,NYG,0
RB,Cam Akers (15517449),Cam Akers,15517449,RB/FLEX,4100,NYG@LAR 10/04/2020 04:05PM ET,LAR,3.3
WR,Josh Reynolds (15517791),Josh Reynolds,15517791,WR/FLEX,4100,NYG@LAR 10/04/2020 04:05PM ET,LAR,5.67
QB,Nathan Peterman (15517319),Nathan Peterman,15517319,QB,4100,BUF@LV 10/04/2020 04:25PM ET,LV,0
QB,Brian Hoyer (15517317),Brian Hoyer,15517317,QB,4100,NE@KC 10/04/2020 04:25PM ET,NE,0
QB,Chad Henne (15517318),Chad Henne,15517318,QB,4100,NE@KC 10/04/2020 04:25PM ET,KC,0
QB,Jalen Hurts (15517316),Jalen Hurts,15517316,QB,4100,PHI@SF 10/04/2020 08:20PM ET,PHI,0.4
WR,Jalen Reagor (15517789),Jalen Reagor,15517789,WR/FLEX,4100,PHI@SF 10/04/2020 08:20PM ET,PHI,7.3
RB,Dwayne Washington (15517627),Dwayne Washington,15517627,RB/FLEX,4000,NO@DET 10/04/2020 01:00PM ET,NO,0
RB,Ty Montgomery (15517629),Ty Montgomery,15517629,RB/FLEX,4000,NO@DET 10/04/2020 01:00PM ET,NO,2.05
RB,Michael Burton (15517631),Michael Burton,15517631,RB/FLEX,4000,NO@DET 10/04/2020 01:00PM ET,NO,0
RB,Kerryon Johnson (15517633),Kerryon Johnson,15517633,RB/FLEX,4000,NO@DET 10/04/2020 01:00PM ET,DET,4.87
RB,Ty Johnson (15517635),Ty Johnson,15517635,RB/FLEX,4000,NO@DET 10/04/2020 01:00PM ET,DET,0
RB,Bo Scarbrough (15517637),Bo Scarbrough,15517637,RB/FLEX,4000,NO@DET 10/04/2020 01:00PM ET,DET,0
WR,Danny Amendola (15517809),Danny Amendola,15517809,WR/FLEX,4000,NO@DET 10/04/2020 01:00PM ET,DET,6.67
RB,Jamaal Williams (15517611),Jamaal Williams,15517611,RB/FLEX,4000,ATL@GB 10/05/2020 08:15PM ET,GB,6.4
RB,AJ Dillon (15517613),AJ Dillon,15517613,RB/FLEX,4000,ATL@GB 10/05/2020 08:15PM ET,GB,1.03
RB,Tyler Ervin (15517615),Tyler Ervin,15517615,RB/FLEX,4000,ATL@GB 10/05/2020 08:15PM ET,GB,3.37
RB,Patrick Taylor (15517617),Patrick Taylor,15517617,RB/FLEX,4000,ATL@GB 10/05/2020 08:15PM ET,GB,0
RB,Brian Hill (15517619),Brian Hill,15517619,RB/FLEX,4000,ATL@GB 10/05/2020 08:15PM ET,ATL,7.83
RB,Ito Smith (15517621),Ito Smith,15517621,RB/FLEX,4000,ATL@GB 10/05/2020 08:15PM ET,ATL,1.87
RB,Qadree Ollison (15517623),Qadree Ollison,15517623,RB/FLEX,4000,ATL@GB 10/05/2020 08:15PM ET,ATL,0
RB,Keith Smith (15517625),Keith Smith,15517625,RB/FLEX,4000,ATL@GB 10/05/2020 08:15PM ET,ATL,0.87
WR,Equanimeous St. Brown (15517807),Equanimeous St. Brown,15517807,WR/FLEX,4000,ATL@GB 10/05/2020 08:15PM ET,GB,0
QB,Mike White (15517333),Mike White,15517333,QB,4000,DEN@NYJ 10/01/2020 08:20PM ET,NYJ,0
QB,James Morgan (15517334),James Morgan,15517334,QB,4000,DEN@NYJ 10/01/2020 08:20PM ET,NYJ,0
RB,La'Mical Perine (15517605),La'Mical Perine,15517605,RB/FLEX,4000,DEN@NYJ 10/01/2020 08:20PM ET,NYJ,3
RB,Royce Freeman (15517607),Royce Freeman,15517607,RB/FLEX,4000,DEN@NYJ 10/01/2020 08:20PM ET,DEN,3.23
RB,LeVante Bellamy (15517609),LeVante Bellamy,15517609,RB/FLEX,4000,DEN@NYJ 10/01/2020 08:20PM ET,DEN,0
QB,Jacob Eason (15517332),Jacob Eason,15517332,QB,4000,IND@CHI 10/04/2020 01:00PM ET,IND,0
RB,Jordan Wilkins (15517597),Jordan Wilkins,15517597,RB/FLEX,4000,IND@CHI 10/04/2020 01:00PM ET,IND,3.17
RB,Marlon Mack (15517599),Marlon Mack,15517599,RB/FLEX,4000,IND@CHI 10/04/2020 01:00PM ET,IND,8.6
RB,Bruce Anderson III (15517601),Bruce Anderson III,15517601,RB/FLEX,4000,IND@CHI 10/04/2020 01:00PM ET,IND,0
RB,Tarik Cohen (15517603),Tarik Cohen,15517603,RB/FLEX,4000,IND@CHI 10/04/2020 01:00PM ET,CHI,5.83
RB,Reggie Bonnafon (15517587),Reggie Bonnafon,15517587,RB/FLEX,4000,ARI@CAR 10/04/2020 01:00PM ET,CAR,1.6
RB,Trenton Cannon (15517589),Trenton Cannon,15517589,RB/FLEX,4000,ARI@CAR 10/04/2020 01:00PM ET,CAR,0
RB,Alex Armah (15517591),Alex Armah,15517591,RB/FLEX,4000,ARI@CAR 10/04/2020 01:00PM ET,CAR,0.83
RB,Eno Benjamin (15517593),Eno Benjamin,15517593,RB/FLEX,4000,ARI@CAR 10/04/2020 01:00PM ET,ARI,0
RB,Jonathan Ward (15517595),Jonathan Ward,15517595,RB/FLEX,4000,ARI@CAR 10/04/2020 01:00PM ET,ARI,0
QB,Trace McSorley (15517331),Trace McSorley,15517331,QB,4000,BAL@WAS 10/04/2020 01:00PM ET,BAL,0
RB,Gus Edwards (15517575),Gus Edwards,15517575,RB/FLEX,4000,BAL@WAS 10/04/2020 01:00PM ET,BAL,4.3
RB,Justice Hill (15517577),Justice Hill,15517577,RB/FLEX,4000,BAL@WAS 10/04/2020 01:00PM ET,BAL,0
RB,Patrick Ricard (15517579),Patrick Ricard,15517579,RB/FLEX,4000,BAL@WAS 10/04/2020 01:00PM ET,BAL,2.63
RB,J.D. McKissic (15517581),J.D. McKissic,15517581,RB/FLEX,4000,BAL@WAS 10/04/2020 01:00PM ET,WAS,4.8
RB,Peyton Barber (15517583),Peyton Barber,15517583,RB/FLEX,4000,BAL@WAS 10/04/2020 01:00PM ET,WAS,5.2
RB,Bryce Love (15517585),Bryce Love,15517585,RB/FLEX,4000,BAL@WAS 10/04/2020 01:00PM ET,WAS,0
WR,Willie Snead IV (15517803),Willie Snead IV,15517803,WR/FLEX,4000,BAL@WAS 10/04/2020 01:00PM ET,BAL,7.9
WR,Miles Boykin (15517805),Miles Boykin,15517805,WR/FLEX,4000,BAL@WAS 10/04/2020 01:00PM ET,BAL,5.43
DST,Ravens  (15518351),Ravens ,15518351,DST,4000,BAL@WAS 10/04/2020 01:00PM ET,BAL,12.33
QB,Josh Dobbs (15517330),Josh Dobbs,15517330,QB,4000,Postponed,PIT,0
RB,Jaylen Samuels (15517561),Jaylen Samuels,15517561,RB/FLEX,4000,Postponed,PIT,0.93
RB,Anthony McFarland Jr. (15517563),Anthony McFarland Jr.,15517563,RB/FLEX,4000,Postponed,PIT,5.9
RB,Derek Watt (15517565),Derek Watt,15517565,RB/FLEX,4000,Postponed,PIT,0
RB,Darrynton Evans (15517567),Darrynton Evans,15517567,RB/FLEX,4000,Postponed,TEN,0.9
RB,Jeremy McNichols (15517569),Jeremy McNichols,15517569,RB/FLEX,4000,Postponed,TEN,0.73
RB,Senorise Perry (15517571),Senorise Perry,15517571,RB/FLEX,4000,Postponed,TEN,0.45
RB,Khari Blasingame (15517573),Khari Blasingame,15517573,RB/FLEX,4000,Postponed,TEN,0.5
WR,Chase Claypool (15517799),Chase Claypool,15517799,WR/FLEX,4000,Postponed,PIT,9.3
WR,Adam Humphries (15517801),Adam Humphries,15517801,WR/FLEX,4000,Postponed,TEN,11.53
QB,Ryan Griffin (15517328),Ryan Griffin,15517328,QB,4000,LAC@TB 10/04/2020 01:00PM ET,TB,0
QB,Easton Stick (15517329),Easton Stick,15517329,QB,4000,LAC@TB 10/04/2020 01:00PM ET,LAC,0
RB,LeSean McCoy (15517547),LeSean McCoy,15517547,RB/FLEX,4000,LAC@TB 10/04/2020 01:00PM ET,TB,4.23
RB,Ke'Shawn Vaughn (15517549),Ke'Shawn Vaughn,15517549,RB/FLEX,4000,LAC@TB 10/04/2020 01:00PM ET,TB,0
RB,Kenjon Barner (15517551),Kenjon Barner,15517551,RB/FLEX,4000,LAC@TB 10/04/2020 01:00PM ET,TB,0
RB,T.J. Logan (15517553),T.J. Logan,15517553,RB/FLEX,4000,LAC@TB 10/04/2020 01:00PM ET,TB,0
RB,Justin Jackson (15517555),Justin Jackson,15517555,RB/FLEX,4000,LAC@TB 10/04/2020 01:00PM ET,LAC,0.4
RB,Darius Bradwell (15517557),Darius Bradwell,15517557,RB/FLEX,4000,LAC@TB 10/04/2020 01:00PM ET,LAC,0
RB,Gabe Nabers (15517559),Gabe Nabers,15517559,RB/FLEX,4000,LAC@TB 10/04/2020 01:00PM ET,LAC,0
RB,Travis Homer (15517531),Travis Homer,15517531,RB/FLEX,4000,SEA@MIA 10/04/2020 01:00PM ET,SEA,2.1
RB,DeeJay Dallas (15517533),DeeJay Dallas,15517533,RB/FLEX,4000,SEA@MIA 10/04/2020 01:00PM ET,SEA,0
RB,Rashaad Penny (15517535),Rashaad Penny,15517535,RB/FLEX,4000,SEA@MIA 10/04/2020 01:00PM ET,SEA,0
RB,Nick Bellore (15517537),Nick Bellore,15517537,RB/FLEX,4000,SEA@MIA 10/04/2020 01:00PM ET,SEA,0
RB,Matt Breida (15517539),Matt Breida,15517539,RB/FLEX,4000,SEA@MIA 10/04/2020 01:00PM ET,MIA,2.5
RB,Patrick Laird (15517541),Patrick Laird,15517541,RB/FLEX,4000,SEA@MIA 10/04/2020 01:00PM ET,MIA,0.97
RB,Malcolm Perry (15517543),Malcolm Perry,15517543,RB/FLEX,4000,SEA@MIA 10/04/2020 01:00PM ET,MIA,0
RB,Chandler Cox (15517545),Chandler Cox,15517545,RB/FLEX,4000,SEA@MIA 10/04/2020 01:00PM ET,MIA,0
QB,Jake Luton (15517327),Jake Luton,15517327,QB,4000,JAX@CIN 10/04/2020 01:00PM ET,JAX,0
RB,Dare Ogunbowale (15517521),Dare Ogunbowale,15517521,RB/FLEX,4000,JAX@CIN 10/04/2020 01:00PM ET,JAX,0
RB,Devine Ozigbo (15517523),Devine Ozigbo,15517523,RB/FLEX,4000,JAX@CIN 10/04/2020 01:00PM ET,JAX,0
RB,Bruce Miller (15517525),Bruce Miller,15517525,RB/FLEX,4000,JAX@CIN 10/04/2020 01:00PM ET,JAX,0.4
RB,Samaje Perine (15517527),Samaje Perine,15517527,RB/FLEX,4000,JAX@CIN 10/04/2020 01:00PM ET,CIN,0
RB,Trayveon Williams (15517529),Trayveon Williams,15517529,RB/FLEX,4000,JAX@CIN 10/04/2020 01:00PM ET,CIN,0
QB,Ben DiNucci (15517326),Ben DiNucci,15517326,QB,4000,CLE@DAL 10/04/2020 01:00PM ET,DAL,0
RB,Rico Dowdle (15517515),Rico Dowdle,15517515,RB/FLEX,4000,CLE@DAL 10/04/2020 01:00PM ET,DAL,0
RB,D'Ernest Johnson (15517517),D'Ernest Johnson,15517517,RB/FLEX,4000,CLE@DAL 10/04/2020 01:00PM ET,CLE,0.17
RB,Andy Janovich (15517519),Andy Janovich,15517519,RB/FLEX,4000,CLE@DAL 10/04/2020 01:00PM ET,CLE,1.1
TE,Austin Hooper (15518121),Austin Hooper,15518121,TE/FLEX,4000,CLE@DAL 10/04/2020 01:00PM ET,CLE,4.4
RB,Alexander Mattison (15517497),Alexander Mattison,15517497,RB/FLEX,4000,MIN@HOU 10/04/2020 01:00PM ET,MIN,5.77
RB,Ameer Abdullah (15517499),Ameer Abdullah,15517499,RB/FLEX,4000,MIN@HOU 10/04/2020 01:00PM ET,MIN,0
RB,Mike Boone (15517501),Mike Boone,15517501,RB/FLEX,4000,MIN@HOU 10/04/2020 01:00PM ET,MIN,0
RB,C.J. Ham (15517503),C.J. Ham,15517503,RB/FLEX,4000,MIN@HOU 10/04/2020 01:00PM ET,MIN,0.83
RB,Duke Johnson (15517505),Duke Johnson,15517505,RB/FLEX,4000,MIN@HOU 10/04/2020 01:00PM ET,HOU,1.4
RB,Buddy Howell (15517507),Buddy Howell,15517507,RB/FLEX,4000,MIN@HOU 10/04/2020 01:00PM ET,HOU,0
RB,C.J. Prosise (15517509),C.J. Prosise,15517509,RB/FLEX,4000,MIN@HOU 10/04/2020 01:00PM ET,HOU,0.05
RB,Scottie Phillips (15517511),Scottie Phillips,15517511,RB/FLEX,4000,MIN@HOU 10/04/2020 01:00PM ET,HOU,0
RB,Cullen Gillaspia (15517513),Cullen Gillaspia,15517513,RB/FLEX,4000,MIN@HOU 10/04/2020 01:00PM ET,HOU,0.8
RB,Saquon Barkley (15517489),Saquon Barkley,15517489,RB/FLEX,4000,NYG@LAR 10/04/2020 04:05PM ET,NYG,7.7
RB,Elijhaa Penny (15517491),Elijhaa Penny,15517491,RB/FLEX,4000,NYG@LAR 10/04/2020 04:05PM ET,NYG,0
RB,Xavier Jones (15517493),Xavier Jones,15517493,RB/FLEX,4000,NYG@LAR 10/04/2020 04:05PM ET,LAR,0
RB,Raymond Calais (15517495),Raymond Calais,15517495,RB/FLEX,4000,NYG@LAR 10/04/2020 04:05PM ET,LAR,0
RB,Devontae Booker (15517481),Devontae Booker,15517481,RB/FLEX,4000,BUF@LV 10/04/2020 04:25PM ET,LV,4.27
RB,Alec Ingold (15517483),Alec Ingold,15517483,RB/FLEX,4000,BUF@LV 10/04/2020 04:25PM ET,LV,3.53
RB,T.J. Yeldon (15517485),T.J. Yeldon,15517485,RB/FLEX,4000,BUF@LV 10/04/2020 04:25PM ET,BUF,1.8
RB,Taiwan Jones (15517487),Taiwan Jones,15517487,RB/FLEX,4000,BUF@LV 10/04/2020 04:25PM ET,BUF,0
RB,J.J. Taylor (15517469),J.J. Taylor,15517469,RB/FLEX,4000,NE@KC 10/04/2020 04:25PM ET,NE,2.8
RB,Damien Harris (15517471),Damien Harris,15517471,RB/FLEX,4000,NE@KC 10/04/2020 04:25PM ET,NE,0
RB,Jakob Johnson (15517473),Jakob Johnson,15517473,RB/FLEX,4000,NE@KC 10/04/2020 04:25PM ET,NE,2.9
RB,Darrel Williams (15517475),Darrel Williams,15517475,RB/FLEX,4000,NE@KC 10/04/2020 04:25PM ET,KC,3.3
RB,Darwin Thompson (15517477),Darwin Thompson,15517477,RB/FLEX,4000,NE@KC 10/04/2020 04:25PM ET,KC,0.73
RB,Anthony Sherman (15517479),Anthony Sherman,15517479,RB/FLEX,4000,NE@KC 10/04/2020 04:25PM ET,KC,2.57
WR,N'Keal Harry (15517797),N'Keal Harry,15517797,WR/FLEX,4000,NE@KC 10/04/2020 04:25PM ET,NE,9.57
QB,Nate Sudfeld (15517325),Nate Sudfeld,15517325,QB,4000,PHI@SF 10/04/2020 08:20PM ET,PHI,0
RB,JaMycal Hasty (15517457),JaMycal Hasty,15517457,RB/FLEX,4000,PHI@SF 10/04/2020 08:20PM ET,SF,2.8
RB,Tevin Coleman (15517459),Tevin Coleman,15517459,RB/FLEX,4000,PHI@SF 10/04/2020 08:20PM ET,SF,4.7
RB,Kyle Juszczyk (15517461),Kyle Juszczyk,15517461,RB/FLEX,4000,PHI@SF 10/04/2020 08:20PM ET,SF,3.37
RB,Boston Scott (15517463),Boston Scott,15517463,RB/FLEX,4000,PHI@SF 10/04/2020 08:20PM ET,PHI,5.07
RB,Corey Clement (15517465),Corey Clement,15517465,RB/FLEX,4000,PHI@SF 10/04/2020 08:20PM ET,PHI,1.63
RB,Jason Huntley (15517467),Jason Huntley,15517467,RB/FLEX,4000,PHI@SF 10/04/2020 08:20PM ET,PHI,0.1
WR,Breshad Perriman (15517821),Breshad Perriman,15517821,WR/FLEX,3900,DEN@NYJ 10/01/2020 08:20PM ET,NYJ,3.95
DST,Broncos  (15518353),Broncos ,15518353,DST,3900,DEN@NYJ 10/01/2020 08:20PM ET,DEN,4.33
WR,Parris Campbell (15517819),Parris Campbell,15517819,WR/FLEX,3900,IND@CHI 10/04/2020 01:00PM ET,IND,7.35
TE,Mo Alie-Cox (15518123),Mo Alie-Cox,15518123,TE/FLEX,3900,IND@CHI 10/04/2020 01:00PM ET,IND,12.37
WR,Phillip Dorsett II (15517817),Phillip Dorsett II,15517817,WR/FLEX,3900,SEA@MIA 10/04/2020 01:00PM ET,SEA,0
DST,Rams  (15518352),Rams ,15518352,DST,3900,NYG@LAR 10/04/2020 04:05PM ET,LAR,5
WR,Demarcus Robinson (15517815),Demarcus Robinson,15517815,WR/FLEX,3900,NE@KC 10/04/2020 04:25PM ET,KC,3.6
WR,Jalen Hurd (15517811),Jalen Hurd,15517811,WR/FLEX,3900,PHI@SF 10/04/2020 08:20PM ET,SF,0
WR,Greg Ward (15517813),Greg Ward,15517813,WR/FLEX,3900,PHI@SF 10/04/2020 08:20PM ET,PHI,10.07
WR,KJ Hamler (15517825),KJ Hamler,15517825,WR/FLEX,3800,DEN@NYJ 10/01/2020 08:20PM ET,DEN,7.25
TE,Jimmy Graham (15518127),Jimmy Graham,15518127,TE/FLEX,3800,IND@CHI 10/04/2020 01:00PM ET,CHI,12.77
DST,Steelers  (15518354),Steelers ,15518354,DST,3800,Postponed,PIT,9.33
WR,Josh Gordon (15517823),Josh Gordon,15517823,WR/FLEX,3800,SEA@MIA 10/04/2020 01:00PM ET,SEA,0
TE,David Njoku (15518125),David Njoku,15518125,TE/FLEX,3800,CLE@DAL 10/04/2020 01:00PM ET,CLE,14
WR,Tim Patrick (15517835),Tim Patrick,15517835,WR/FLEX,3700,DEN@NYJ 10/01/2020 08:20PM ET,DEN,8.53
WR,Cordarrelle Patterson (15517833),Cordarrelle Patterson,15517833,WR/FLEX,3700,IND@CHI 10/04/2020 01:00PM ET,CHI,3.57
WR,Dontrelle Inman (15517831),Dontrelle Inman,15517831,WR/FLEX,3700,BAL@WAS 10/04/2020 01:00PM ET,WAS,8.87
WR,Isaiah Ford (15517829),Isaiah Ford,15517829,WR/FLEX,3700,SEA@MIA 10/04/2020 01:00PM ET,MIA,7.1
WR,Chris Conley (15517827),Chris Conley,15517827,WR/FLEX,3700,JAX@CIN 10/04/2020 01:00PM ET,JAX,5.6
DST,Bills  (15518355),Bills ,15518355,DST,3700,BUF@LV 10/04/2020 04:25PM ET,BUF,5
DST,49ers  (15518356),49ers ,15518356,DST,3700,PHI@SF 10/04/2020 08:20PM ET,SF,7
DST,Cardinals  (15518357),Cardinals ,15518357,DST,3600,ARI@CAR 10/04/2020 01:00PM ET,ARI,6.33
TE,Rob Gronkowski (15518129),Rob Gronkowski,15518129,TE/FLEX,3600,LAC@TB 10/04/2020 01:00PM ET,TB,4.63
DST,Saints  (15518358),Saints ,15518358,DST,3500,NO@DET 10/04/2020 01:00PM ET,NO,6
WR,Chris Hogan (15517841),Chris Hogan,15517841,WR/FLEX,3500,DEN@NYJ 10/01/2020 08:20PM ET,NYJ,4.83
TE,Chris Herndon (15518143),Chris Herndon,15518143,TE/FLEX,3500,DEN@NYJ 10/01/2020 08:20PM ET,NYJ,5.1
TE,Jack Doyle (15518141),Jack Doyle,15518141,TE/FLEX,3500,IND@CHI 10/04/2020 01:00PM ET,IND,3.95
TE,Logan Thomas (15518139),Logan Thomas,15518139,TE/FLEX,3500,BAL@WAS 10/04/2020 01:00PM ET,WAS,9.13
WR,Jason Moore (15517839),Jason Moore,15517839,WR/FLEX,3500,LAC@TB 10/04/2020 01:00PM ET,LAC,0
TE,Tyler Eifert (15518135),Tyler Eifert,15518135,TE/FLEX,3500,JAX@CIN 10/04/2020 01:00PM ET,JAX,5.83
TE,Drew Sample (15518137),Drew Sample,15518137,TE/FLEX,3500,JAX@CIN 10/04/2020 01:00PM ET,CIN,4.77
WR,Nelson Agholor (15517837),Nelson Agholor,15517837,WR/FLEX,3500,BUF@LV 10/04/2020 04:25PM ET,LV,5.8
TE,Dawson Knox (15518133),Dawson Knox,15518133,TE/FLEX,3500,BUF@LV 10/04/2020 04:25PM ET,BUF,4.1
TE,Jordan Reed (15518131),Jordan Reed,15518131,TE/FLEX,3500,PHI@SF 10/04/2020 08:20PM ET,SF,10.5
WR,Deonte Harris (15517853),Deonte Harris,15517853,WR/FLEX,3400,NO@DET 10/04/2020 01:00PM ET,NO,4.17
TE,Robert Tonyan (15518147),Robert Tonyan,15518147,TE/FLEX,3400,ATL@GB 10/05/2020 08:15PM ET,GB,8.83
WR,Ted Ginn Jr. (15517851),Ted Ginn Jr.,15517851,WR/FLEX,3400,IND@CHI 10/04/2020 01:00PM ET,CHI,1.95
WR,Steven Sims Jr. (15517849),Steven Sims Jr.,15517849,WR/FLEX,3400,BAL@WAS 10/04/2020 01:00PM ET,WAS,5.1
WR,Justin Watson (15517845),Justin Watson,15517845,WR/FLEX,3400,LAC@TB 10/04/2020 01:00PM ET,TB,4.2
WR,Jalen Guyton (15517847),Jalen Guyton,15517847,WR/FLEX,3400,LAC@TB 10/04/2020 01:00PM ET,LAC,5.1
DST,Buccaneers  (15518360),Buccaneers ,15518360,DST,3400,LAC@TB 10/04/2020 01:00PM ET,TB,10.67
WR,David Moore (15517843),David Moore,15517843,WR/FLEX,3400,SEA@MIA 10/04/2020 01:00PM ET,SEA,7.33
DST,Seahawks  (15518359),Seahawks ,15518359,DST,3400,SEA@MIA 10/04/2020 01:00PM ET,SEA,6.67
TE,Tyler Kroft (15518145),Tyler Kroft,15518145,TE/FLEX,3400,BUF@LV 10/04/2020 04:25PM ET,BUF,6.13
WR,DaeSean Hamilton (15517863),DaeSean Hamilton,15517863,WR/FLEX,3300,DEN@NYJ 10/01/2020 08:20PM ET,DEN,1.43
DST,Colts  (15518362),Colts ,15518362,DST,3300,IND@CHI 10/04/2020 01:00PM ET,IND,15
WR,Devin Duvernay (15517861),Devin Duvernay,15517861,WR/FLEX,3300,BAL@WAS 10/04/2020 01:00PM ET,BAL,4.6
WR,Kalif Raymond (15517859),Kalif Raymond,15517859,WR/FLEX,3300,Postponed,TEN,5.83
TE,O.J. Howard (15518153),O.J. Howard,15518153,TE/FLEX,3300,LAC@TB 10/04/2020 01:00PM ET,TB,7.87
DST,Cowboys  (15518361),Cowboys ,15518361,DST,3300,CLE@DAL 10/04/2020 01:00PM ET,DAL,1
TE,Kyle Rudolph (15518149),Kyle Rudolph,15518149,TE/FLEX,3300,MIN@HOU 10/04/2020 01:00PM ET,MIN,4.63
TE,Jordan Akins (15518151),Jordan Akins,15518151,TE/FLEX,3300,MIN@HOU 10/04/2020 01:00PM ET,HOU,9.73
WR,Bryan Edwards (15517857),Bryan Edwards,15517857,WR/FLEX,3300,BUF@LV 10/04/2020 04:25PM ET,LV,4.97
WR,Trent Taylor (15517855),Trent Taylor,15517855,WR/FLEX,3300,PHI@SF 10/04/2020 08:20PM ET,SF,2.9
WR,Tyler Johnson (15517873),Tyler Johnson,15517873,WR/FLEX,3200,LAC@TB 10/04/2020 01:00PM ET,TB,0
WR,Cedrick Wilson (15517869),Cedrick Wilson,15517869,WR/FLEX,3200,CLE@DAL 10/04/2020 01:00PM ET,DAL,10.23
WR,KhaDarel Hodge (15517871),KhaDarel Hodge,15517871,WR/FLEX,3200,CLE@DAL 10/04/2020 01:00PM ET,CLE,2.7
WR,Kenny Stills (15517867),Kenny Stills,15517867,WR/FLEX,3200,MIN@HOU 10/04/2020 01:00PM ET,HOU,3.37
TE,Darren Fells (15518155),Darren Fells,15518155,TE/FLEX,3200,MIN@HOU 10/04/2020 01:00PM ET,HOU,4.73
WR,Gabriel Davis (15517865),Gabriel Davis,15517865,WR/FLEX,3200,BUF@LV 10/04/2020 04:25PM ET,BUF,7.77
DST,Patriots  (15518363),Patriots ,15518363,DST,3200,NE@KC 10/04/2020 04:25PM ET,NE,10.67
DST,Chiefs  (15518364),Chiefs ,15518364,DST,3200,NE@KC 10/04/2020 04:25PM ET,KC,6.33
WR,Marvin Hall (15517883),Marvin Hall,15517883,WR/FLEX,3100,NO@DET 10/04/2020 01:00PM ET,DET,4.33
DST,Bears  (15518365),Bears ,15518365,DST,3100,IND@CHI 10/04/2020 01:00PM ET,CHI,6.33
WR,Antonio Gandy-Golden (15517881),Antonio Gandy-Golden,15517881,WR/FLEX,3100,BAL@WAS 10/04/2020 01:00PM ET,WAS,1.75
WR,Dede Westbrook (15517879),Dede Westbrook,15517879,WR/FLEX,3100,JAX@CIN 10/04/2020 01:00PM ET,JAX,1.4
TE,James O'Shaughnessy (15518159),James O'Shaughnessy,15518159,TE/FLEX,3100,JAX@CIN 10/04/2020 01:00PM ET,JAX,4.97
TE,Blake Bell (15518157),Blake Bell,15518157,TE/FLEX,3100,CLE@DAL 10/04/2020 01:00PM ET,DAL,1.8
WR,Olabisi Johnson (15517877),Olabisi Johnson,15517877,WR/FLEX,3100,MIN@HOU 10/04/2020 01:00PM ET,MIN,4
WR,Damion Ratley (15517875),Damion Ratley,15517875,WR/FLEX,3100,NYG@LAR 10/04/2020 04:05PM ET,NYG,1.3
WR,Marquez Callaway (15518077),Marquez Callaway,15518077,WR/FLEX,3000,NO@DET 10/04/2020 01:00PM ET,NO,0
WR,Bennie Fowler III (15518079),Bennie Fowler III,15518079,WR/FLEX,3000,NO@DET 10/04/2020 01:00PM ET,NO,0
WR,Quintez Cephus (15518081),Quintez Cephus,15518081,WR/FLEX,3000,NO@DET 10/04/2020 01:00PM ET,DET,5.23
WR,Jamal Agnew (15518083),Jamal Agnew,15518083,WR/FLEX,3000,NO@DET 10/04/2020 01:00PM ET,DET,1.73
WR,Malik Taylor (15518067),Malik Taylor,15518067,WR/FLEX,3000,ATL@GB 10/05/2020 08:15PM ET,GB,0
WR,Darrius Shepherd (15518069),Darrius Shepherd,15518069,WR/FLEX,3000,ATL@GB 10/05/2020 08:15PM ET,GB,0
WR,Christian Blake (15518071),Christian Blake,15518071,WR/FLEX,3000,ATL@GB 10/05/2020 08:15PM ET,ATL,0
WR,Olamide Zaccheaus (15518073),Olamide Zaccheaus,15518073,WR/FLEX,3000,ATL@GB 10/05/2020 08:15PM ET,ATL,3.37
WR,Brandon Powell (15518075),Brandon Powell,15518075,WR/FLEX,3000,ATL@GB 10/05/2020 08:15PM ET,ATL,1.9
TE,Jace Sternberger (15518161),Jace Sternberger,15518161,TE/FLEX,3000,ATL@GB 10/05/2020 08:15PM ET,GB,2.2
TE,Marcedes Lewis (15518163),Marcedes Lewis,15518163,TE/FLEX,3000,ATL@GB 10/05/2020 08:15PM ET,GB,3.4
WR,Josh Malone (15518051),Josh Malone,15518051,WR/FLEX,3000,DEN@NYJ 10/01/2020 08:20PM ET,NYJ,2.27
WR,Lawrence Cager (15518053),Lawrence Cager,15518053,WR/FLEX,3000,DEN@NYJ 10/01/2020 08:20PM ET,NYJ,5.5
WR,Denzel Mims (15518055),Denzel Mims,15518055,WR/FLEX,3000,DEN@NYJ 10/01/2020 08:20PM ET,NYJ,0
WR,Vyncint Smith (15518057),Vyncint Smith,15518057,WR/FLEX,3000,DEN@NYJ 10/01/2020 08:20PM ET,NYJ,0
WR,Jeff Smith (15518059),Jeff Smith,15518059,WR/FLEX,3000,DEN@NYJ 10/01/2020 08:20PM ET,NYJ,0
WR,Diontae Spencer (15518061),Diontae Spencer,15518061,WR/FLEX,3000,DEN@NYJ 10/01/2020 08:20PM ET,DEN,0.57
WR,Tyrie Cleveland (15518063),Tyrie Cleveland,15518063,WR/FLEX,3000,DEN@NYJ 10/01/2020 08:20PM ET,DEN,0.85
WR,Courtland Sutton (15518065),Courtland Sutton,15518065,WR/FLEX,3000,DEN@NYJ 10/01/2020 08:20PM ET,DEN,9.6
WR,Ashton Dulin (15518039),Ashton Dulin,15518039,WR/FLEX,3000,IND@CHI 10/04/2020 01:00PM ET,IND,0.53
WR,Reece Fountain (15518041),Reece Fountain,15518041,WR/FLEX,3000,IND@CHI 10/04/2020 01:00PM ET,IND,2.15
WR,Dezmon Patmon (15518043),Dezmon Patmon,15518043,WR/FLEX,3000,IND@CHI 10/04/2020 01:00PM ET,IND,0
WR,Darnell Mooney (15518045),Darnell Mooney,15518045,WR/FLEX,3000,IND@CHI 10/04/2020 01:00PM ET,CHI,7.77
WR,Javon Wims (15518047),Javon Wims,15518047,WR/FLEX,3000,IND@CHI 10/04/2020 01:00PM ET,CHI,3.6
WR,Riley Ridley (15518049),Riley Ridley,15518049,WR/FLEX,3000,IND@CHI 10/04/2020 01:00PM ET,CHI,0
WR,Seth Roberts (15518025),Seth Roberts,15518025,WR/FLEX,3000,ARI@CAR 10/04/2020 01:00PM ET,CAR,1.7
WR,Pharoh Cooper (15518027),Pharoh Cooper,15518027,WR/FLEX,3000,ARI@CAR 10/04/2020 01:00PM ET,CAR,0
WR,Brandon Zylstra (15518029),Brandon Zylstra,15518029,WR/FLEX,3000,ARI@CAR 10/04/2020 01:00PM ET,CAR,0
WR,Keith Kirkwood (15518031),Keith Kirkwood,15518031,WR/FLEX,3000,ARI@CAR 10/04/2020 01:00PM ET,CAR,0
WR,Omar Bayless (15518033),Omar Bayless,15518033,WR/FLEX,3000,ARI@CAR 10/04/2020 01:00PM ET,CAR,0
WR,KeeSean Johnson (15518035),KeeSean Johnson,15518035,WR/FLEX,3000,ARI@CAR 10/04/2020 01:00PM ET,ARI,4.4
WR,Trent Sherfield (15518037),Trent Sherfield,15518037,WR/FLEX,3000,ARI@CAR 10/04/2020 01:00PM ET,ARI,0
TE,Ian Thomas (15518165),Ian Thomas,15518165,TE/FLEX,3000,ARI@CAR 10/04/2020 01:00PM ET,CAR,1.83
WR,Chris Moore (15518007),Chris Moore,15518007,WR/FLEX,3000,BAL@WAS 10/04/2020 01:00PM ET,BAL,0
WR,James Proche (15518009),James Proche,15518009,WR/FLEX,3000,BAL@WAS 10/04/2020 01:00PM ET,BAL,0
WR,Antoine Wesley (15518011),Antoine Wesley,15518011,WR/FLEX,3000,BAL@WAS 10/04/2020 01:00PM ET,BAL,0
WR,DeAndrew White (15518013),DeAndrew White,15518013,WR/FLEX,3000,BAL@WAS 10/04/2020 01:00PM ET,BAL,0
WR,Isaiah Wright (15518015),Isaiah Wright,15518015,WR/FLEX,3000,BAL@WAS 10/04/2020 01:00PM ET,WAS,3.5
WR,Cam Sims (15518017),Cam Sims,15518017,WR/FLEX,3000,BAL@WAS 10/04/2020 01:00PM ET,WAS,0
WR,Kelvin Harmon (15518019),Kelvin Harmon,15518019,WR/FLEX,3000,BAL@WAS 10/04/2020 01:00PM ET,WAS,0
WR,Emanuel Hall (15518021),Emanuel Hall,15518021,WR/FLEX,3000,BAL@WAS 10/04/2020 01:00PM ET,WAS,0
WR,Jordan Veasy (15518023),Jordan Veasy,15518023,WR/FLEX,3000,BAL@WAS 10/04/2020 01:00PM ET,WAS,0
WR,Ray-Ray McCloud III (15518001),Ray-Ray McCloud III,15518001,WR/FLEX,3000,Postponed,PIT,0
WR,Nick Westbrook-Ikhine (15518003),Nick Westbrook-Ikhine,15518003,WR/FLEX,3000,Postponed,TEN,0
WR,Cameron Batson (15518005),Cameron Batson,15518005,WR/FLEX,3000,Postponed,TEN,2.85
WR,Jaydon Mickens (15517991),Jaydon Mickens,15517991,WR/FLEX,3000,LAC@TB 10/04/2020 01:00PM ET,TB,0
WR,John Hurst (15517993),John Hurst,15517993,WR/FLEX,3000,LAC@TB 10/04/2020 01:00PM ET,TB,0
WR,John Franklin III (15517995),John Franklin III,15517995,WR/FLEX,3000,LAC@TB 10/04/2020 01:00PM ET,TB,0
WR,K.J. Hill (15517997),K.J. Hill,15517997,WR/FLEX,3000,LAC@TB 10/04/2020 01:00PM ET,LAC,0.83
WR,Joe Reed (15517999),Joe Reed,15517999,WR/FLEX,3000,LAC@TB 10/04/2020 01:00PM ET,LAC,0.27
WR,Freddie Swain (15517981),Freddie Swain,15517981,WR/FLEX,3000,SEA@MIA 10/04/2020 01:00PM ET,SEA,4.7
WR,Penny Hart (15517983),Penny Hart,15517983,WR/FLEX,3000,SEA@MIA 10/04/2020 01:00PM ET,SEA,0
WR,Jakeem Grant (15517985),Jakeem Grant,15517985,WR/FLEX,3000,SEA@MIA 10/04/2020 01:00PM ET,MIA,4.17
WR,Mack Hollins (15517987),Mack Hollins,15517987,WR/FLEX,3000,SEA@MIA 10/04/2020 01:00PM ET,MIA,0
WR,Lynn Bowden Jr. (15517989),Lynn Bowden Jr.,15517989,WR/FLEX,3000,SEA@MIA 10/04/2020 01:00PM ET,MIA,0.9
WR,Collin Johnson (15517971),Collin Johnson,15517971,WR/FLEX,3000,JAX@CIN 10/04/2020 01:00PM ET,JAX,1.23
WR,Mike Thomas (15517973),Mike Thomas,15517973,WR/FLEX,3000,JAX@CIN 10/04/2020 01:00PM ET,CIN,6.57
WR,Auden Tate (15517975),Auden Tate,15517975,WR/FLEX,3000,JAX@CIN 10/04/2020 01:00PM ET,CIN,2.45
WR,John Ross III (15517977),John Ross III,15517977,WR/FLEX,3000,JAX@CIN 10/04/2020 01:00PM ET,CIN,1.85
WR,Alex Erickson (15517979),Alex Erickson,15517979,WR/FLEX,3000,JAX@CIN 10/04/2020 01:00PM ET,CIN,0
DST,Jaguars  (15518366),Jaguars ,15518366,DST,3000,JAX@CIN 10/04/2020 01:00PM ET,JAX,2
WR,Noah Brown (15517959),Noah Brown,15517959,WR/FLEX,3000,CLE@DAL 10/04/2020 01:00PM ET,DAL,2.23
WR,Malik Turner (15517961),Malik Turner,15517961,WR/FLEX,3000,CLE@DAL 10/04/2020 01:00PM ET,DAL,0
WR,Ventell Bryant (15517963),Ventell Bryant,15517963,WR/FLEX,3000,CLE@DAL 10/04/2020 01:00PM ET,DAL,0
WR,Rashard Higgins (15517965),Rashard Higgins,15517965,WR/FLEX,3000,CLE@DAL 10/04/2020 01:00PM ET,CLE,0.95
WR,Donovan Peoples-Jones (15517967),Donovan Peoples-Jones,15517967,WR/FLEX,3000,CLE@DAL 10/04/2020 01:00PM ET,CLE,0
WR,JoJo Natson (15517969),JoJo Natson,15517969,WR/FLEX,3000,CLE@DAL 10/04/2020 01:00PM ET,CLE,0.1
WR,Tajae Sharpe (15517945),Tajae Sharpe,15517945,WR/FLEX,3000,MIN@HOU 10/04/2020 01:00PM ET,MIN,0
WR,Dan Chisena (15517947),Dan Chisena,15517947,WR/FLEX,3000,MIN@HOU 10/04/2020 01:00PM ET,MIN,0
WR,Chad Beebe (15517949),Chad Beebe,15517949,WR/FLEX,3000,MIN@HOU 10/04/2020 01:00PM ET,MIN,1.7
WR,K.J. Osborn (15517951),K.J. Osborn,15517951,WR/FLEX,3000,MIN@HOU 10/04/2020 01:00PM ET,MIN,0
WR,DeAndre Carter (15517953),DeAndre Carter,15517953,WR/FLEX,3000,MIN@HOU 10/04/2020 01:00PM ET,HOU,0.6
WR,Keke Coutee (15517955),Keke Coutee,15517955,WR/FLEX,3000,MIN@HOU 10/04/2020 01:00PM ET,HOU,2.1
WR,Isaiah Coulter (15517957),Isaiah Coulter,15517957,WR/FLEX,3000,MIN@HOU 10/04/2020 01:00PM ET,HOU,0
WR,C.J. Board (15517931),C.J. Board,15517931,WR/FLEX,3000,NYG@LAR 10/04/2020 04:05PM ET,NYG,3.93
WR,Johnny Holton (15517933),Johnny Holton,15517933,WR/FLEX,3000,NYG@LAR 10/04/2020 04:05PM ET,NYG,0
WR,David Sills (15517935),David Sills,15517935,WR/FLEX,3000,NYG@LAR 10/04/2020 04:05PM ET,NYG,0
WR,Cody Core (15517937),Cody Core,15517937,WR/FLEX,3000,NYG@LAR 10/04/2020 04:05PM ET,NYG,0
WR,Van Jefferson Jr. (15517939),Van Jefferson Jr.,15517939,WR/FLEX,3000,NYG@LAR 10/04/2020 04:05PM ET,LAR,4.17
WR,Nsimba Webster (15517941),Nsimba Webster,15517941,WR/FLEX,3000,NYG@LAR 10/04/2020 04:05PM ET,LAR,0
WR,Trishton Jackson (15517943),Trishton Jackson,15517943,WR/FLEX,3000,NYG@LAR 10/04/2020 04:05PM ET,LAR,0
WR,Zay Jones (15517919),Zay Jones,15517919,WR/FLEX,3000,BUF@LV 10/04/2020 04:25PM ET,LV,4.9
WR,Rico Gafford (15517921),Rico Gafford,15517921,WR/FLEX,3000,BUF@LV 10/04/2020 04:25PM ET,LV,0
WR,Tyrell Williams (15517923),Tyrell Williams,15517923,WR/FLEX,3000,BUF@LV 10/04/2020 04:25PM ET,LV,0
WR,Isaiah McKenzie (15517925),Isaiah McKenzie,15517925,WR/FLEX,3000,BUF@LV 10/04/2020 04:25PM ET,BUF,4.47
WR,Andre Roberts (15517927),Andre Roberts,15517927,WR/FLEX,3000,BUF@LV 10/04/2020 04:25PM ET,BUF,0
WR,Isaiah Hodgins (15517929),Isaiah Hodgins,15517929,WR/FLEX,3000,BUF@LV 10/04/2020 04:25PM ET,BUF,0
WR,Damiere Byrd (15517903),Damiere Byrd,15517903,WR/FLEX,3000,NE@KC 10/04/2020 04:25PM ET,NE,6.3
WR,Jakobi Meyers (15517905),Jakobi Meyers,15517905,WR/FLEX,3000,NE@KC 10/04/2020 04:25PM ET,NE,0.57
WR,Matthew Slater (15517907),Matthew Slater,15517907,WR/FLEX,3000,NE@KC 10/04/2020 04:25PM ET,NE,0
WR,Isaiah Zuber (15517909),Isaiah Zuber,15517909,WR/FLEX,3000,NE@KC 10/04/2020 04:25PM ET,NE,1.3
WR,Gunner Olszewski (15517911),Gunner Olszewski,15517911,WR/FLEX,3000,NE@KC 10/04/2020 04:25PM ET,NE,0
WR,Quincy Adeboyejo (15517913),Quincy Adeboyejo,15517913,WR/FLEX,3000,NE@KC 10/04/2020 04:25PM ET,NE,0
WR,Marcus Kemp (15517915),Marcus Kemp,15517915,WR/FLEX,3000,NE@KC 10/04/2020 04:25PM ET,KC,0
WR,Byron Pringle (15517917),Byron Pringle,15517917,WR/FLEX,3000,NE@KC 10/04/2020 04:25PM ET,KC,0
WR,Mohamed Sanu (15517885),Mohamed Sanu,15517885,WR/FLEX,3000,PHI@SF 10/04/2020 08:20PM ET,SF,0.95
WR,Dante Pettis (15517887),Dante Pettis,15517887,WR/FLEX,3000,PHI@SF 10/04/2020 08:20PM ET,SF,0
WR,Richie James Jr. (15517889),Richie James Jr.,15517889,WR/FLEX,3000,PHI@SF 10/04/2020 08:20PM ET,SF,0
WR,Chris Thompson (15517891),Chris Thompson,15517891,WR/FLEX,3000,PHI@SF 10/04/2020 08:20PM ET,SF,0
WR,Tavon Austin (15517893),Tavon Austin,15517893,WR/FLEX,3000,PHI@SF 10/04/2020 08:20PM ET,SF,0
WR,JJ Arcega-Whiteside (15517895),JJ Arcega-Whiteside,15517895,WR/FLEX,3000,PHI@SF 10/04/2020 08:20PM ET,PHI,0
WR,John Hightower (15517897),John Hightower,15517897,WR/FLEX,3000,PHI@SF 10/04/2020 08:20PM ET,PHI,1.57
WR,Deontay Burnett (15517899),Deontay Burnett,15517899,WR/FLEX,3000,PHI@SF 10/04/2020 08:20PM ET,PHI,4.9
WR,Quez Watkins (15517901),Quez Watkins,15517901,WR/FLEX,3000,PHI@SF 10/04/2020 08:20PM ET,PHI,0
DST,Packers  (15518369),Packers ,15518369,DST,2900,ATL@GB 10/05/2020 08:15PM ET,GB,6.67
TE,Trey Burton (15518171),Trey Burton,15518171,TE/FLEX,2900,IND@CHI 10/04/2020 01:00PM ET,IND,0
TE,Vance McDonald (15518169),Vance McDonald,15518169,TE/FLEX,2900,Postponed,PIT,3.03
DST,Chargers  (15518368),Chargers ,15518368,DST,2900,LAC@TB 10/04/2020 01:00PM ET,LAC,6
TE,Jacob Hollister (15518167),Jacob Hollister,15518167,TE/FLEX,2900,SEA@MIA 10/04/2020 01:00PM ET,SEA,3.67
DST,Bengals  (15518367),Bengals ,15518367,DST,2900,JAX@CIN 10/04/2020 01:00PM ET,CIN,2.67
TE,Nick Boyle (15518177),Nick Boyle,15518177,TE/FLEX,2800,BAL@WAS 10/04/2020 01:00PM ET,BAL,3.97
DST,Titans  (15518371),Titans ,15518371,DST,2800,Postponed,TEN,5
DST,Vikings  (15518370),Vikings ,15518370,DST,2800,MIN@HOU 10/04/2020 01:00PM ET,MIN,0.67
TE,Kaden Smith (15518175),Kaden Smith,15518175,TE/FLEX,2800,NYG@LAR 10/04/2020 04:05PM ET,NYG,2.63
TE,Lee Smith (15518173),Lee Smith,15518173,TE/FLEX,2800,BUF@LV 10/04/2020 04:25PM ET,BUF,7.1
TE,Dan Arnold (15518183),Dan Arnold,15518183,TE/FLEX,2700,ARI@CAR 10/04/2020 01:00PM ET,ARI,3.6
TE,Maxx Williams (15518185),Maxx Williams,15518185,TE/FLEX,2700,ARI@CAR 10/04/2020 01:00PM ET,ARI,0
DST,Panthers  (15518373),Panthers ,15518373,DST,2700,ARI@CAR 10/04/2020 01:00PM ET,CAR,4.33
DST,Raiders  (15518372),Raiders ,15518372,DST,2700,BUF@LV 10/04/2020 04:25PM ET,LV,1.67
TE,Ryan Izzo (15518179),Ryan Izzo,15518179,TE/FLEX,2700,NE@KC 10/04/2020 04:25PM ET,NE,2.47
TE,Ricky Seals-Jones (15518181),Ricky Seals-Jones,15518181,TE/FLEX,2700,NE@KC 10/04/2020 04:25PM ET,KC,0
TE,Ryan Griffin (15518189),Ryan Griffin,15518189,TE/FLEX,2600,DEN@NYJ 10/01/2020 08:20PM ET,NYJ,0
TE,Josh Oliver (15518187),Josh Oliver,15518187,TE/FLEX,2600,JAX@CIN 10/04/2020 01:00PM ET,JAX,0
DST,Giants  (15518374),Giants ,15518374,DST,2600,NYG@LAR 10/04/2020 04:05PM ET,NYG,3.67
DST,Eagles  (15518375),Eagles ,15518375,DST,2600,PHI@SF 10/04/2020 08:20PM ET,PHI,4
TE,Adam Trautman (15518341),Adam Trautman,15518341,TE/FLEX,2500,NO@DET 10/04/2020 01:00PM ET,NO,2.13
TE,Josh Hill (15518343),Josh Hill,15518343,TE/FLEX,2500,NO@DET 10/04/2020 01:00PM ET,NO,0.87
TE,Zach Wood (15518345),Zach Wood,15518345,TE/FLEX,2500,NO@DET 10/04/2020 01:00PM ET,NO,0
TE,Jesse James (15518347),Jesse James,15518347,TE/FLEX,2500,NO@DET 10/04/2020 01:00PM ET,DET,3.93
TE,Hunter Bryant (15518349),Hunter Bryant,15518349,TE/FLEX,2500,NO@DET 10/04/2020 01:00PM ET,DET,0
TE,John Lovett (15518191),John Lovett,15518191,TE/FLEX,2500,ATL@GB 10/05/2020 08:15PM ET,GB,0
TE,Josiah Deguara (15518335),Josiah Deguara,15518335,TE/FLEX,2500,ATL@GB 10/05/2020 08:15PM ET,GB,2.2
TE,Luke Stocker (15518337),Luke Stocker,15518337,TE/FLEX,2500,ATL@GB 10/05/2020 08:15PM ET,ATL,0.53
TE,Jaeden Graham (15518339),Jaeden Graham,15518339,TE/FLEX,2500,ATL@GB 10/05/2020 08:15PM ET,ATL,0
TE,Trevon Wesco (15518321),Trevon Wesco,15518321,TE/FLEX,2500,DEN@NYJ 10/01/2020 08:20PM ET,NYJ,0
TE,Daniel Brown (15518323),Daniel Brown,15518323,TE/FLEX,2500,DEN@NYJ 10/01/2020 08:20PM ET,NYJ,0
TE,Jake Butt (15518325),Jake Butt,15518325,TE/FLEX,2500,DEN@NYJ 10/01/2020 08:20PM ET,DEN,0.83
TE,Nick Vannett (15518327),Nick Vannett,15518327,TE/FLEX,2500,DEN@NYJ 10/01/2020 08:20PM ET,DEN,0.2
TE,Albert Okwuegbunam (15518329),Albert Okwuegbunam,15518329,TE/FLEX,2500,DEN@NYJ 10/01/2020 08:20PM ET,DEN,0
TE,Austin Fort (15518331),Austin Fort,15518331,TE/FLEX,2500,DEN@NYJ 10/01/2020 08:20PM ET,DEN,0
TE,Andrew Beck (15518333),Andrew Beck,15518333,TE/FLEX,2500,DEN@NYJ 10/01/2020 08:20PM ET,DEN,0
TE,Noah Togiai (15518309),Noah Togiai,15518309,TE/FLEX,2500,IND@CHI 10/04/2020 01:00PM ET,IND,0
TE,Cole Kmet (15518311),Cole Kmet,15518311,TE/FLEX,2500,IND@CHI 10/04/2020 01:00PM ET,CHI,0.73
TE,Demetrius Harris (15518313),Demetrius Harris,15518313,TE/FLEX,2500,IND@CHI 10/04/2020 01:00PM ET,CHI,1.5
TE,J.P. Holtz (15518315),J.P. Holtz,15518315,TE/FLEX,2500,IND@CHI 10/04/2020 01:00PM ET,CHI,0
TE,Darion Clark (15518317),Darion Clark,15518317,TE/FLEX,2500,IND@CHI 10/04/2020 01:00PM ET,CHI,0
TE,Patrick Scales (15518319),Patrick Scales,15518319,TE/FLEX,2500,IND@CHI 10/04/2020 01:00PM ET,CHI,0
TE,Chris Manhertz (15518301),Chris Manhertz,15518301,TE/FLEX,2500,ARI@CAR 10/04/2020 01:00PM ET,CAR,1.07
TE,Colin Thompson (15518303),Colin Thompson,15518303,TE/FLEX,2500,ARI@CAR 10/04/2020 01:00PM ET,CAR,0
TE,Darrell Daniels (15518305),Darrell Daniels,15518305,TE/FLEX,2500,ARI@CAR 10/04/2020 01:00PM ET,ARI,1.47
TE,Jordan Thomas (15518307),Jordan Thomas,15518307,TE/FLEX,2500,ARI@CAR 10/04/2020 01:00PM ET,ARI,0
TE,Jeremy Sprinkle (15518295),Jeremy Sprinkle,15518295,TE/FLEX,2500,BAL@WAS 10/04/2020 01:00PM ET,WAS,0
TE,Marcus Baugh (15518297),Marcus Baugh,15518297,TE/FLEX,2500,BAL@WAS 10/04/2020 01:00PM ET,WAS,0.4
TE,Thaddeus Moss (15518299),Thaddeus Moss,15518299,TE/FLEX,2500,BAL@WAS 10/04/2020 01:00PM ET,WAS,0
TE,Zach Gentry (15518285),Zach Gentry,15518285,TE/FLEX,2500,Postponed,PIT,0
TE,MyCole Pruitt (15518287),MyCole Pruitt,15518287,TE/FLEX,2500,Postponed,TEN,3.57
TE,Anthony Firkser (15518289),Anthony Firkser,15518289,TE/FLEX,2500,Postponed,TEN,3.67
TE,Geoff Swaim (15518291),Geoff Swaim,15518291,TE/FLEX,2500,Postponed,TEN,0
TE,Beau Brinkley (15518293),Beau Brinkley,15518293,TE/FLEX,2500,Postponed,TEN,0
TE,Cameron Brate (15518273),Cameron Brate,15518273,TE/FLEX,2500,LAC@TB 10/04/2020 01:00PM ET,TB,0
TE,Tanner Hudson (15518275),Tanner Hudson,15518275,TE/FLEX,2500,LAC@TB 10/04/2020 01:00PM ET,TB,0
TE,Antony Auclair (15518277),Antony Auclair,15518277,TE/FLEX,2500,LAC@TB 10/04/2020 01:00PM ET,TB,0
TE,Virgil Green (15518279),Virgil Green,15518279,TE/FLEX,2500,LAC@TB 10/04/2020 01:00PM ET,LAC,0.67
TE,Stephen Anderson (15518281),Stephen Anderson,15518281,TE/FLEX,2500,LAC@TB 10/04/2020 01:00PM ET,LAC,0
TE,Donald Parham Jr. (15518283),Donald Parham Jr.,15518283,TE/FLEX,2500,LAC@TB 10/04/2020 01:00PM ET,LAC,0
TE,Will Dissly (15518261),Will Dissly,15518261,TE/FLEX,2500,SEA@MIA 10/04/2020 01:00PM ET,SEA,2.4
TE,Luke Willson (15518263),Luke Willson,15518263,TE/FLEX,2500,SEA@MIA 10/04/2020 01:00PM ET,SEA,0
TE,Colby Parkinson (15518265),Colby Parkinson,15518265,TE/FLEX,2500,SEA@MIA 10/04/2020 01:00PM ET,SEA,0
TE,Tyler Ott (15518267),Tyler Ott,15518267,TE/FLEX,2500,SEA@MIA 10/04/2020 01:00PM ET,SEA,0
TE,Durham Smythe (15518269),Durham Smythe,15518269,TE/FLEX,2500,SEA@MIA 10/04/2020 01:00PM ET,MIA,0.57
TE,Adam Shaheen (15518271),Adam Shaheen,15518271,TE/FLEX,2500,SEA@MIA 10/04/2020 01:00PM ET,MIA,0.47
TE,Tyler Davis (15518251),Tyler Davis,15518251,TE/FLEX,2500,JAX@CIN 10/04/2020 01:00PM ET,JAX,0
TE,Cethan Carter (15518253),Cethan Carter,15518253,TE/FLEX,2500,JAX@CIN 10/04/2020 01:00PM ET,CIN,0.37
TE,Mason Schreck (15518255),Mason Schreck,15518255,TE/FLEX,2500,JAX@CIN 10/04/2020 01:00PM ET,CIN,0
TE,C.J. Uzomah (15518257),C.J. Uzomah,15518257,TE/FLEX,2500,JAX@CIN 10/04/2020 01:00PM ET,CIN,11.35
TE,Clark Harris (15518259),Clark Harris,15518259,TE/FLEX,2500,JAX@CIN 10/04/2020 01:00PM ET,CIN,0
TE,Sean McKeon (15518243),Sean McKeon,15518243,TE/FLEX,2500,CLE@DAL 10/04/2020 01:00PM ET,DAL,0
TE,Blake Jarwin (15518245),Blake Jarwin,15518245,TE/FLEX,2500,CLE@DAL 10/04/2020 01:00PM ET,DAL,2.2
TE,Harrison Bryant (15518247),Harrison Bryant,15518247,TE/FLEX,2500,CLE@DAL 10/04/2020 01:00PM ET,CLE,3.73
TE,Stephen Carlson (15518249),Stephen Carlson,15518249,TE/FLEX,2500,CLE@DAL 10/04/2020 01:00PM ET,CLE,0
TE,Irv Smith Jr. (15518235),Irv Smith Jr.,15518235,TE/FLEX,2500,MIN@HOU 10/04/2020 01:00PM ET,MIN,1.13
TE,Tyler Conklin (15518237),Tyler Conklin,15518237,TE/FLEX,2500,MIN@HOU 10/04/2020 01:00PM ET,MIN,0
TE,Pharaoh Brown (15518239),Pharaoh Brown,15518239,TE/FLEX,2500,MIN@HOU 10/04/2020 01:00PM ET,HOU,0
TE,Kahale Warring (15518241),Kahale Warring,15518241,TE/FLEX,2500,MIN@HOU 10/04/2020 01:00PM ET,HOU,0
DST,Texans  (15518376),Texans ,15518376,DST,2500,MIN@HOU 10/04/2020 01:00PM ET,HOU,1.67
TE,Levine Toilolo (15518225),Levine Toilolo,15518225,TE/FLEX,2500,NYG@LAR 10/04/2020 04:05PM ET,NYG,0.77
TE,Eric Tomlinson (15518227),Eric Tomlinson,15518227,TE/FLEX,2500,NYG@LAR 10/04/2020 04:05PM ET,NYG,0
TE,Gerald Everett (15518229),Gerald Everett,15518229,TE/FLEX,2500,NYG@LAR 10/04/2020 04:05PM ET,LAR,2.37
TE,Johnny Mundt (15518231),Johnny Mundt,15518231,TE/FLEX,2500,NYG@LAR 10/04/2020 04:05PM ET,LAR,0
TE,Brycen Hopkins (15518233),Brycen Hopkins,15518233,TE/FLEX,2500,NYG@LAR 10/04/2020 04:05PM ET,LAR,0
TE,Jason Witten (15518213),Jason Witten,15518213,TE/FLEX,2500,BUF@LV 10/04/2020 04:25PM ET,LV,0.83
TE,Foster Moreau (15518215),Foster Moreau,15518215,TE/FLEX,2500,BUF@LV 10/04/2020 04:25PM ET,LV,4.87
TE,Derek Carrier (15518217),Derek Carrier,15518217,TE/FLEX,2500,BUF@LV 10/04/2020 04:25PM ET,LV,0
TE,Nick O'Leary (15518219),Nick O'Leary,15518219,TE/FLEX,2500,BUF@LV 10/04/2020 04:25PM ET,LV,0
TE,Tommy Sweeney (15518221),Tommy Sweeney,15518221,TE/FLEX,2500,BUF@LV 10/04/2020 04:25PM ET,BUF,0
TE,Reggie Gilliam (15518223),Reggie Gilliam,15518223,TE/FLEX,2500,BUF@LV 10/04/2020 04:25PM ET,BUF,2.37
TE,Devin Asiasi (15518203),Devin Asiasi,15518203,TE/FLEX,2500,NE@KC 10/04/2020 04:25PM ET,NE,0
TE,Dalton Keene (15518205),Dalton Keene,15518205,TE/FLEX,2500,NE@KC 10/04/2020 04:25PM ET,NE,0
TE,Nick Keizer (15518207),Nick Keizer,15518207,TE/FLEX,2500,NE@KC 10/04/2020 04:25PM ET,KC,0
TE,Deon Yelder (15518209),Deon Yelder,15518209,TE/FLEX,2500,NE@KC 10/04/2020 04:25PM ET,KC,0
TE,James Winchester (15518211),James Winchester,15518211,TE/FLEX,2500,NE@KC 10/04/2020 04:25PM ET,KC,0
TE,Ross Dwelley (15518193),Ross Dwelley,15518193,TE/FLEX,2500,PHI@SF 10/04/2020 08:20PM ET,SF,3.47
TE,Charlie Woerner (15518195),Charlie Woerner,15518195,TE/FLEX,2500,PHI@SF 10/04/2020 08:20PM ET,SF,0
TE,Kyle Nelson (15518197),Kyle Nelson,15518197,TE/FLEX,2500,PHI@SF 10/04/2020 08:20PM ET,SF,0
TE,Richard Rodgers (15518199),Richard Rodgers,15518199,TE/FLEX,2500,PHI@SF 10/04/2020 08:20PM ET,PHI,1.17
TE,Joshua Perkins (15518201),Joshua Perkins,15518201,TE/FLEX,2500,PHI@SF 10/04/2020 08:20PM ET,PHI,0
DST,Falcons  (15518378),Falcons ,15518378,DST,2400,ATL@GB 10/05/2020 08:15PM ET,ATL,2.33
DST,Jets  (15518377),Jets ,15518377,DST,2400,DEN@NYJ 10/01/2020 08:20PM ET,NYJ,3.67
DST,Browns  (15518379),Browns ,15518379,DST,2300,CLE@DAL 10/04/2020 01:00PM ET,CLE,6
DST,Lions  (15518380),Lions ,15518380,DST,2200,NO@DET 10/04/2020 01:00PM ET,DET,1.67
DST,WAS Football Team  (15518381),WAS Football Team ,15518381,DST,2100,BAL@WAS 10/04/2020 01:00PM ET,WAS,6.67
DST,Dolphins  (15518382),Dolphins ,15518382,DST,2000,SEA@MIA 10/04/2020 01:00PM ET,MIA,6
